{
  "mean": [
    0.4913996756076813,
    0.4821584224700928,
    0.44653093814849854
  ],
  "std": [
    0.24703224003314972,
    0.24348513782024384,
    0.26158785820007324
  ]
}