,airplane,automobile,bird,cat,deer,dog,frog,horse,ship,truck,accuracy,macro avg,weighted avg
precision,0.633130081300813,0.734130634774609,0.43647798742138366,0.42092746730083236,0.6183098591549295,0.5311059907834101,0.43024894316580553,0.676829268292683,0.8403693931398417,0.7748815165876777,0.5895,0.6096411141921985,0.6096411141921986
recall,0.623,0.798,0.347,0.354,0.439,0.461,0.916,0.666,0.637,0.654,0.5895,0.5894999999999999,0.5895
f1-score,0.6280241935483871,0.7647340680402491,0.38662952646239557,0.3845736013036393,0.5134502923976608,0.493576017130621,0.5854905720677532,0.6713709677419355,0.7246871444823664,0.7093275488069414,0.5895,0.5861863931981949,0.586186393198195
support,1000.0,1000.0,1000.0,1000.0,1000.0,1000.0,1000.0,1000.0,1000.0,1000.0,0.5895,10000.0,10000.0
