,airplane,automobile,bird,cat,deer,dog,frog,horse,ship,truck,accuracy,macro avg,weighted avg
precision,0.8452611218568665,0.9109195402298851,0.8181818181818182,0.7455683003128258,0.8440366972477065,0.8032955715756952,0.8382352941176471,0.8932527693856999,0.9293756397134084,0.8948919449901768,0.8531,0.8523018697611731,0.852301869761173
recall,0.874,0.951,0.765,0.715,0.828,0.78,0.912,0.887,0.908,0.911,0.8531,0.8531000000000001,0.8531
f1-score,0.8593903638151426,0.9305283757338552,0.7906976744186046,0.7299642674834099,0.8359414437152953,0.791476407914764,0.8735632183908046,0.8901154039136979,0.9185634800202327,0.9028741328047571,0.8531,0.8523114768210565,0.8523114768210563
support,1000.0,1000.0,1000.0,1000.0,1000.0,1000.0,1000.0,1000.0,1000.0,1000.0,0.8531,10000.0,10000.0
