,airplane,automobile,bird,cat,deer,dog,frog,horse,ship,truck,accuracy,macro avg,weighted avg
precision,0.7109181141439206,0.7373447946513849,0.5347334410339257,0.5091863517060368,0.5196182396606575,0.4688473520249221,0.8523809523809524,0.43948051948051947,0.6160968660968661,0.7127991675338189,0.5895,0.6101405798713004,0.6101405798713004
recall,0.573,0.772,0.331,0.194,0.49,0.602,0.537,0.846,0.865,0.685,0.5895,0.5895000000000001,0.5895
f1-score,0.6345514950166113,0.7542745481191988,0.40889437924644845,0.2809558291093411,0.5043746783324755,0.5271453590192644,0.6588957055214724,0.5784615384615385,0.7196339434276207,0.6986231514533401,0.5895,0.5765810627707311,0.5765810627707311
support,1000.0,1000.0,1000.0,1000.0,1000.0,1000.0,1000.0,1000.0,1000.0,1000.0,0.5895,10000.0,10000.0
