,airplane,automobile,bird,cat,deer,dog,frog,horse,ship,truck,accuracy,macro avg,weighted avg
precision,0.7633365664403492,0.8844984802431611,0.6312741312741312,0.5775510204081633,0.7230769230769231,0.6540816326530612,0.7684407096171803,0.8229508196721311,0.8187672493100276,0.843469591226321,0.7491,0.7487447123921449,0.7487447123921449
recall,0.787,0.873,0.654,0.566,0.658,0.641,0.823,0.753,0.89,0.846,0.7491,0.7491,0.7491
f1-score,0.7749876907927129,0.8787116255661802,0.6424361493123772,0.5717171717171717,0.6890052356020943,0.6474747474747474,0.7947851279575084,0.7864229765013054,0.8528988979396263,0.8447329006490265,0.7491,0.7483172523512749,0.7483172523512751
support,1000.0,1000.0,1000.0,1000.0,1000.0,1000.0,1000.0,1000.0,1000.0,1000.0,0.7491,10000.0,10000.0
