epoch,phase,loss,acc
1,train,1.603158571548462,0.40998
1,test,1.2869010835647583,0.5289
2,train,1.2765149417877197,0.53744
2,test,1.0959452384948731,0.598
