epoch,train_loss,train_acc,test_loss,test_acc,lr
1,1.6009682736206055,0.40922,1.2852369342803955,0.5201,0.001
2,1.2702665199661254,0.54144,1.0826689077377318,0.6094,0.001
3,1.123690852432251,0.59702,1.0035910171508788,0.6361,0.001
4,1.0402389965820313,0.62966,0.9345108346939087,0.6685,0.001
5,0.9652466982460022,0.65606,0.8584291946411133,0.6901,0.001
6,0.9177202719116211,0.67422,0.7828047577857972,0.7268,0.001
7,0.8832515040588379,0.6868,0.7062781604766846,0.7491,0.001
