epoch,train_loss,train_acc,test_loss,test_acc,lr
1,1.5959263319778443,0.4121,1.334713366127014,0.5111,0.001
2,1.2718754406929016,0.53696,1.1124956796646117,0.5979,0.001
