epoch,train_loss,train_acc,test_loss,test_acc,lr
1,1.5933029202651978,0.41358,1.2981217914581298,0.5225,0.001
2,1.261491346359253,0.5406,1.1343487813949584,0.5895,0.001
