epoch,train_loss,train_acc,test_loss,test_acc,lr
1,1.593196484375,0.41212,1.297455126953125,0.5226,0.001
2,1.271087177696228,0.53748,1.1431520961761474,0.5895,0.001
